name,email,mobile
Vivek1,Vivek1@gmail.com,9867895645
Vivek2,Vivek2@gmail.com,9867895646
Vivek3,Vivek3@gmail.com,9867895647
Vivek4,Vivek4@gmail.com,9867895648
Vivek5,Vivek5@gmail.com,9867895649
Vivek6,Vivek6@gmail.com,9867895650
Vivek7,Vivek7@gmail.com,9867895651
Vivek8,Vivek8@gmail.com,9867895652
Vivek9,Vivek9@gmail.com,9867895653
Vivek10,Vivek10@gmail.com,9867895654
Vivek11,Vivek11@gmail.com,9867895655
Vivek12,Vivek12@gmail.com,9867895656
Vivek13,Vivek13@gmail.com,9867895657
Vivek14,Vivek14@gmail.com,9867895658
Vivek15,Vivek15@gmail.com,9867895659
Vivek16,Vivek16@gmail.com,9867895660
Vivek17,Vivek17@gmail.com,9867895661
Vivek18,Vivek18@gmail.com,9867895662
Vivek19,Vivek19@gmail.com,9867895663
Vivek20,Vivek20@gmail.com,9867895664
Vivek21,Vivek21@gmail.com,9867895665
Vivek22,Vivek22@gmail.com,9867895666
Vivek23,Vivek23@gmail.com,9867895667
Vivek24,Vivek24@gmail.com,9867895668
Vivek25,Vivek25@gmail.com,9867895669
Vivek26,Vivek26@gmail.com,9867895670
Vivek27,Vivek27@gmail.com,9867895671
Vivek28,Vivek28@gmail.com,9867895672
Vivek29,Vivek29@gmail.com,9867895673
Vivek30,Vivek30@gmail.com,9867895674
Vivek31,Vivek31@gmail.com,9867895675
Vivek32,Vivek32@gmail.com,9867895676
Vivek33,Vivek33@gmail.com,9867895677
Vivek34,Vivek34@gmail.com,9867895678
Vivek35,Vivek35@gmail.com,9867895679
Vivek36,Vivek36@gmail.com,9867895680
Vivek37,Vivek37@gmail.com,9867895681
Vivek38,Vivek38@gmail.com,9867895682
Vivek39,Vivek39@gmail.com,9867895683
Vivek40,Vivek40@gmail.com,9867895684
Vivek41,Vivek41@gmail.com,9867895685
Vivek42,Vivek42@gmail.com,9867895686
Vivek43,Vivek43@gmail.com,9867895687
Vivek44,Vivek44@gmail.com,9867895688
Vivek45,Vivek45@gmail.com,9867895689
Vivek46,Vivek46@gmail.com,9867895690
Vivek47,Vivek47@gmail.com,9867895691
Vivek48,Vivek48@gmail.com,9867895692
Vivek49,Vivek49@gmail.com,9867895693
Vivek50,Vivek50@gmail.com,9867895694
Vivek51,Vivek51@gmail.com,9867895695
Vivek52,Vivek52@gmail.com,9867895696
Vivek53,Vivek53@gmail.com,9867895697
Vivek54,Vivek54@gmail.com,9867895698
Vivek55,Vivek55@gmail.com,9867895699
Vivek56,Vivek56@gmail.com,9867895700
Vivek57,Vivek57@gmail.com,9867895701
Vivek58,Vivek58@gmail.com,9867895702
Vivek59,Vivek59@gmail.com,9867895703
Vivek60,Vivek60@gmail.com,9867895704
Vivek61,Vivek61@gmail.com,9867895705
Vivek62,Vivek62@gmail.com,9867895706
Vivek63,Vivek63@gmail.com,9867895707
Vivek64,Vivek64@gmail.com,9867895708
Vivek65,Vivek65@gmail.com,9867895709
Vivek66,Vivek66@gmail.com,9867895710
Vivek67,Vivek67@gmail.com,9867895711
Vivek68,Vivek68@gmail.com,9867895712
Vivek69,Vivek69@gmail.com,9867895713
Vivek70,Vivek70@gmail.com,9867895714
Vivek71,Vivek71@gmail.com,9867895715
Vivek72,Vivek72@gmail.com,9867895716
Vivek73,Vivek73@gmail.com,9867895717
Vivek74,Vivek74@gmail.com,9867895718
Vivek75,Vivek75@gmail.com,9867895719
Vivek76,Vivek76@gmail.com,9867895720
Vivek77,Vivek77@gmail.com,9867895721
Vivek78,Vivek78@gmail.com,9867895722
Vivek79,Vivek79@gmail.com,9867895723
Vivek80,Vivek80@gmail.com,9867895724
Vivek81,Vivek81@gmail.com,9867895725
Vivek82,Vivek82@gmail.com,9867895726
Vivek83,Vivek83@gmail.com,9867895727
Vivek84,Vivek84@gmail.com,9867895728
Vivek85,Vivek85@gmail.com,9867895729
Vivek86,Vivek86@gmail.com,9867895730
Vivek87,Vivek87@gmail.com,9867895731
Vivek88,Vivek88@gmail.com,9867895732
Vivek89,Vivek89@gmail.com,9867895733
Vivek90,Vivek90@gmail.com,9867895734
Vivek91,Vivek91@gmail.com,9867895735
Vivek92,Vivek92@gmail.com,9867895736
Vivek93,Vivek93@gmail.com,9867895737
Vivek94,Vivek94@gmail.com,9867895738
Vivek95,Vivek95@gmail.com,9867895739
Vivek96,Vivek96@gmail.com,9867895740
Vivek97,Vivek97@gmail.com,9867895741
Vivek98,Vivek98@gmail.com,9867895742
Vivek99,Vivek99@gmail.com,9867895743
Vivek100,Vivek100@gmail.com,9867895744
Vivek101,Vivek101@gmail.com,9867895745
Vivek102,Vivek102@gmail.com,9867895746
Vivek103,Vivek103@gmail.com,9867895747
Vivek104,Vivek104@gmail.com,9867895748
Vivek105,Vivek105@gmail.com,9867895749
Vivek106,Vivek106@gmail.com,9867895750
Vivek107,Vivek107@gmail.com,9867895751
Vivek108,Vivek108@gmail.com,9867895752
Vivek109,Vivek109@gmail.com,9867895753
Vivek110,Vivek110@gmail.com,9867895754
Vivek111,Vivek111@gmail.com,9867895755
Vivek112,Vivek112@gmail.com,9867895756
Vivek113,Vivek113@gmail.com,9867895757
Vivek114,Vivek114@gmail.com,9867895758
Vivek115,Vivek115@gmail.com,9867895759
Vivek116,Vivek116@gmail.com,9867895760
Vivek117,Vivek117@gmail.com,9867895761
Vivek118,Vivek118@gmail.com,9867895762
Vivek119,Vivek119@gmail.com,9867895763
Vivek120,Vivek120@gmail.com,9867895764
Vivek121,Vivek121@gmail.com,9867895765
Vivek122,Vivek122@gmail.com,9867895766
Vivek123,Vivek123@gmail.com,9867895767
Vivek124,Vivek124@gmail.com,9867895768
Vivek125,Vivek125@gmail.com,9867895769
Vivek126,Vivek126@gmail.com,9867895770
Vivek127,Vivek127@gmail.com,9867895771
Vivek128,Vivek128@gmail.com,9867895772
Vivek129,Vivek129@gmail.com,9867895773
Vivek130,Vivek130@gmail.com,9867895774
Vivek131,Vivek131@gmail.com,9867895775
Vivek132,Vivek132@gmail.com,9867895776
Vivek133,Vivek133@gmail.com,9867895777
Vivek134,Vivek134@gmail.com,9867895778
Vivek135,Vivek135@gmail.com,9867895779
Vivek136,Vivek136@gmail.com,9867895780
Vivek137,Vivek137@gmail.com,9867895781
Vivek138,Vivek138@gmail.com,9867895782
Vivek139,Vivek139@gmail.com,9867895783
Vivek140,Vivek140@gmail.com,9867895784
Vivek141,Vivek141@gmail.com,9867895785
Vivek142,Vivek142@gmail.com,9867895786
Vivek143,Vivek143@gmail.com,9867895787
Vivek144,Vivek144@gmail.com,9867895788
Vivek145,Vivek145@gmail.com,9867895789
Vivek146,Vivek146@gmail.com,9867895790
Vivek147,Vivek147@gmail.com,9867895791
Vivek148,Vivek148@gmail.com,9867895792
Vivek149,Vivek149@gmail.com,9867895793
Vivek150,Vivek150@gmail.com,9867895794
Vivek151,Vivek151@gmail.com,9867895795
Vivek152,Vivek152@gmail.com,9867895796
Vivek153,Vivek153@gmail.com,9867895797
Vivek154,Vivek154@gmail.com,9867895798
Vivek155,Vivek155@gmail.com,9867895799
Vivek156,Vivek156@gmail.com,9867895800
Vivek157,Vivek157@gmail.com,9867895801
Vivek158,Vivek158@gmail.com,9867895802
Vivek159,Vivek159@gmail.com,9867895803
Vivek160,Vivek160@gmail.com,9867895804
Vivek161,Vivek161@gmail.com,9867895805
Vivek162,Vivek162@gmail.com,9867895806
Vivek163,Vivek163@gmail.com,9867895807
Vivek164,Vivek164@gmail.com,9867895808
Vivek165,Vivek165@gmail.com,9867895809
Vivek166,Vivek166@gmail.com,9867895810
Vivek167,Vivek167@gmail.com,9867895811
Vivek168,Vivek168@gmail.com,9867895812
Vivek169,Vivek169@gmail.com,9867895813
Vivek170,Vivek170@gmail.com,9867895814
Vivek171,Vivek171@gmail.com,9867895815
Vivek172,Vivek172@gmail.com,9867895816
Vivek173,Vivek173@gmail.com,9867895817
Vivek174,Vivek174@gmail.com,9867895818
Vivek175,Vivek175@gmail.com,9867895819
Vivek176,Vivek176@gmail.com,9867895820
Vivek177,Vivek177@gmail.com,9867895821
Vivek178,Vivek178@gmail.com,9867895822
Vivek179,Vivek179@gmail.com,9867895823
Vivek180,Vivek180@gmail.com,9867895824
Vivek181,Vivek181@gmail.com,9867895825
Vivek182,Vivek182@gmail.com,9867895826
Vivek183,Vivek183@gmail.com,9867895827
Vivek184,Vivek184@gmail.com,9867895828
Vivek185,Vivek185@gmail.com,9867895829
Vivek186,Vivek186@gmail.com,9867895830
Vivek187,Vivek187@gmail.com,9867895831
Vivek188,Vivek188@gmail.com,9867895832
Vivek189,Vivek189@gmail.com,9867895833
Vivek190,Vivek190@gmail.com,9867895834
Vivek191,Vivek191@gmail.com,9867895835
Vivek192,Vivek192@gmail.com,9867895836
Vivek193,Vivek193@gmail.com,9867895837
Vivek194,Vivek194@gmail.com,9867895838
Vivek195,Vivek195@gmail.com,9867895839
Vivek196,Vivek196@gmail.com,9867895840
Vivek197,Vivek197@gmail.com,9867895841
Vivek198,Vivek198@gmail.com,9867895842
Vivek199,Vivek199@gmail.com,9867895843
Vivek200,Vivek200@gmail.com,9867895844
Vivek201,Vivek201@gmail.com,9867895845
Vivek202,Vivek202@gmail.com,9867895846
Vivek203,Vivek203@gmail.com,9867895847
Vivek204,Vivek204@gmail.com,9867895848
Vivek205,Vivek205@gmail.com,9867895849
Vivek206,Vivek206@gmail.com,9867895850
Vivek207,Vivek207@gmail.com,9867895851
Vivek208,Vivek208@gmail.com,9867895852
Vivek209,Vivek209@gmail.com,9867895853
Vivek210,Vivek210@gmail.com,9867895854
Vivek211,Vivek211@gmail.com,9867895855
Vivek212,Vivek212@gmail.com,9867895856
Vivek213,Vivek213@gmail.com,9867895857
Vivek214,Vivek214@gmail.com,9867895858
Vivek215,Vivek215@gmail.com,9867895859
Vivek216,Vivek216@gmail.com,9867895860
Vivek217,Vivek217@gmail.com,9867895861
Vivek218,Vivek218@gmail.com,9867895862
Vivek219,Vivek219@gmail.com,9867895863
Vivek220,Vivek220@gmail.com,9867895864
Vivek221,Vivek221@gmail.com,9867895865
Vivek222,Vivek222@gmail.com,9867895866
Vivek223,Vivek223@gmail.com,9867895867
Vivek224,Vivek224@gmail.com,9867895868
Vivek225,Vivek225@gmail.com,9867895869
Vivek226,Vivek226@gmail.com,9867895870
Vivek227,Vivek227@gmail.com,9867895871
Vivek228,Vivek228@gmail.com,9867895872
Vivek229,Vivek229@gmail.com,9867895873
Vivek230,Vivek230@gmail.com,9867895874
Vivek231,Vivek231@gmail.com,9867895875
Vivek232,Vivek232@gmail.com,9867895876
Vivek233,Vivek233@gmail.com,9867895877
Vivek234,Vivek234@gmail.com,9867895878
Vivek235,Vivek235@gmail.com,9867895879
Vivek236,Vivek236@gmail.com,9867895880
Vivek237,Vivek237@gmail.com,9867895881
Vivek238,Vivek238@gmail.com,9867895882
Vivek239,Vivek239@gmail.com,9867895883
Vivek240,Vivek240@gmail.com,9867895884
Vivek241,Vivek241@gmail.com,9867895885
Vivek242,Vivek242@gmail.com,9867895886
Vivek243,Vivek243@gmail.com,9867895887
Vivek244,Vivek244@gmail.com,9867895888
Vivek245,Vivek245@gmail.com,9867895889
Vivek246,Vivek246@gmail.com,9867895890
Vivek247,Vivek247@gmail.com,9867895891
Vivek248,Vivek248@gmail.com,9867895892
Vivek249,Vivek249@gmail.com,9867895893
Vivek250,Vivek250@gmail.com,9867895894
Vivek251,Vivek251@gmail.com,9867895895
Vivek252,Vivek252@gmail.com,9867895896
Vivek253,Vivek253@gmail.com,9867895897
Vivek254,Vivek254@gmail.com,9867895898
Vivek255,Vivek255@gmail.com,9867895899
Vivek256,Vivek256@gmail.com,9867895900
Vivek257,Vivek257@gmail.com,9867895901
Vivek258,Vivek258@gmail.com,9867895902
Vivek259,Vivek259@gmail.com,9867895903
Vivek260,Vivek260@gmail.com,9867895904
Vivek261,Vivek261@gmail.com,9867895905
Vivek262,Vivek262@gmail.com,9867895906
Vivek263,Vivek263@gmail.com,9867895907
Vivek264,Vivek264@gmail.com,9867895908
Vivek265,Vivek265@gmail.com,9867895909
Vivek266,Vivek266@gmail.com,9867895910
Vivek267,Vivek267@gmail.com,9867895911
Vivek268,Vivek268@gmail.com,9867895912
Vivek269,Vivek269@gmail.com,9867895913
Vivek270,Vivek270@gmail.com,9867895914
Vivek271,Vivek271@gmail.com,9867895915
Vivek272,Vivek272@gmail.com,9867895916
Vivek273,Vivek273@gmail.com,9867895917
Vivek274,Vivek274@gmail.com,9867895918
Vivek275,Vivek275@gmail.com,9867895919
Vivek276,Vivek276@gmail.com,9867895920
Vivek277,Vivek277@gmail.com,9867895921
Vivek278,Vivek278@gmail.com,9867895922
Vivek279,Vivek279@gmail.com,9867895923
Vivek280,Vivek280@gmail.com,9867895924
Vivek281,Vivek281@gmail.com,9867895925
Vivek282,Vivek282@gmail.com,9867895926
Vivek283,Vivek283@gmail.com,9867895927
Vivek284,Vivek284@gmail.com,9867895928
Vivek285,Vivek285@gmail.com,9867895929
Vivek286,Vivek286@gmail.com,9867895930
Vivek287,Vivek287@gmail.com,9867895931
Vivek288,Vivek288@gmail.com,9867895932
Vivek289,Vivek289@gmail.com,9867895933
Vivek290,Vivek290@gmail.com,9867895934
Vivek291,Vivek291@gmail.com,9867895935
Vivek292,Vivek292@gmail.com,9867895936
Vivek293,Vivek293@gmail.com,9867895937
Vivek294,Vivek294@gmail.com,9867895938
Vivek295,Vivek295@gmail.com,9867895939
Vivek296,Vivek296@gmail.com,9867895940
Vivek297,Vivek297@gmail.com,9867895941
Vivek298,Vivek298@gmail.com,9867895942
Vivek299,Vivek299@gmail.com,9867895943
Vivek300,Vivek300@gmail.com,9867895944
Vivek301,Vivek301@gmail.com,9867895945
Vivek302,Vivek302@gmail.com,9867895946
Vivek303,Vivek303@gmail.com,9867895947
Vivek304,Vivek304@gmail.com,9867895948
Vivek305,Vivek305@gmail.com,9867895949
Vivek306,Vivek306@gmail.com,9867895950
Vivek307,Vivek307@gmail.com,9867895951
Vivek308,Vivek308@gmail.com,9867895952
Vivek309,Vivek309@gmail.com,9867895953
Vivek310,Vivek310@gmail.com,9867895954
Vivek311,Vivek311@gmail.com,9867895955
Vivek312,Vivek312@gmail.com,9867895956
Vivek313,Vivek313@gmail.com,9867895957
Vivek314,Vivek314@gmail.com,9867895958
Vivek315,Vivek315@gmail.com,9867895959
Vivek316,Vivek316@gmail.com,9867895960
Vivek317,Vivek317@gmail.com,9867895961
Vivek318,Vivek318@gmail.com,9867895962
Vivek319,Vivek319@gmail.com,9867895963
Vivek320,Vivek320@gmail.com,9867895964
Vivek321,Vivek321@gmail.com,9867895965
Vivek322,Vivek322@gmail.com,9867895966
Vivek323,Vivek323@gmail.com,9867895967
Vivek324,Vivek324@gmail.com,9867895968
Vivek325,Vivek325@gmail.com,9867895969
Vivek326,Vivek326@gmail.com,9867895970
Vivek327,Vivek327@gmail.com,9867895971
Vivek328,Vivek328@gmail.com,9867895972
Vivek329,Vivek329@gmail.com,9867895973
Vivek330,Vivek330@gmail.com,9867895974
Vivek331,Vivek331@gmail.com,9867895975
Vivek332,Vivek332@gmail.com,9867895976
Vivek333,Vivek333@gmail.com,9867895977
Vivek334,Vivek334@gmail.com,9867895978
Vivek335,Vivek335@gmail.com,9867895979
Vivek336,Vivek336@gmail.com,9867895980
Vivek337,Vivek337@gmail.com,9867895981
Vivek338,Vivek338@gmail.com,9867895982
Vivek339,Vivek339@gmail.com,9867895983
Vivek340,Vivek340@gmail.com,9867895984
Vivek341,Vivek341@gmail.com,9867895985
Vivek342,Vivek342@gmail.com,9867895986
Vivek343,Vivek343@gmail.com,9867895987
Vivek344,Vivek344@gmail.com,9867895988
Vivek345,Vivek345@gmail.com,9867895989
Vivek346,Vivek346@gmail.com,9867895990
Vivek347,Vivek347@gmail.com,9867895991
Vivek348,Vivek348@gmail.com,9867895992
Vivek349,Vivek349@gmail.com,9867895993
Vivek350,Vivek350@gmail.com,9867895994
Vivek351,Vivek351@gmail.com,9867895995
Vivek352,Vivek352@gmail.com,9867895996
Vivek353,Vivek353@gmail.com,9867895997
Vivek354,Vivek354@gmail.com,9867895998
Vivek355,Vivek355@gmail.com,9867895999
Vivek356,Vivek356@gmail.com,9867896000
Vivek357,Vivek357@gmail.com,9867896001
Vivek358,Vivek358@gmail.com,9867896002
Vivek359,Vivek359@gmail.com,9867896003
Vivek360,Vivek360@gmail.com,9867896004
Vivek361,Vivek361@gmail.com,9867896005
Vivek362,Vivek362@gmail.com,9867896006
Vivek363,Vivek363@gmail.com,9867896007
Vivek364,Vivek364@gmail.com,9867896008
Vivek365,Vivek365@gmail.com,9867896009
Vivek366,Vivek366@gmail.com,9867896010
Vivek367,Vivek367@gmail.com,9867896011
Vivek368,Vivek368@gmail.com,9867896012
Vivek369,Vivek369@gmail.com,9867896013
Vivek370,Vivek370@gmail.com,9867896014
Vivek371,Vivek371@gmail.com,9867896015
Vivek372,Vivek372@gmail.com,9867896016
Vivek373,Vivek373@gmail.com,9867896017
Vivek374,Vivek374@gmail.com,9867896018
Vivek375,Vivek375@gmail.com,9867896019
Vivek376,Vivek376@gmail.com,9867896020
Vivek377,Vivek377@gmail.com,9867896021
Vivek378,Vivek378@gmail.com,9867896022
Vivek379,Vivek379@gmail.com,9867896023
Vivek380,Vivek380@gmail.com,9867896024
Vivek381,Vivek381@gmail.com,9867896025
Vivek382,Vivek382@gmail.com,9867896026
Vivek383,Vivek383@gmail.com,9867896027
Vivek384,Vivek384@gmail.com,9867896028
Vivek385,Vivek385@gmail.com,9867896029
Vivek386,Vivek386@gmail.com,9867896030
Vivek387,Vivek387@gmail.com,9867896031
Vivek388,Vivek388@gmail.com,9867896032
Vivek389,Vivek389@gmail.com,9867896033
Vivek390,Vivek390@gmail.com,9867896034
Vivek391,Vivek391@gmail.com,9867896035
Vivek392,Vivek392@gmail.com,9867896036
Vivek393,Vivek393@gmail.com,9867896037
Vivek394,Vivek394@gmail.com,9867896038
Vivek395,Vivek395@gmail.com,9867896039
Vivek396,Vivek396@gmail.com,9867896040
Vivek397,Vivek397@gmail.com,9867896041
Vivek398,Vivek398@gmail.com,9867896042
Vivek399,Vivek399@gmail.com,9867896043
Vivek400,Vivek400@gmail.com,9867896044
Vivek401,Vivek401@gmail.com,9867896045
Vivek402,Vivek402@gmail.com,9867896046
Vivek403,Vivek403@gmail.com,9867896047
Vivek404,Vivek404@gmail.com,9867896048
Vivek405,Vivek405@gmail.com,9867896049
Vivek406,Vivek406@gmail.com,9867896050
Vivek407,Vivek407@gmail.com,9867896051
Vivek408,Vivek408@gmail.com,9867896052
Vivek409,Vivek409@gmail.com,9867896053
Vivek410,Vivek410@gmail.com,9867896054
Vivek411,Vivek411@gmail.com,9867896055
Vivek412,Vivek412@gmail.com,9867896056
Vivek413,Vivek413@gmail.com,9867896057
Vivek414,Vivek414@gmail.com,9867896058
Vivek415,Vivek415@gmail.com,9867896059
Vivek416,Vivek416@gmail.com,9867896060
Vivek417,Vivek417@gmail.com,9867896061
Vivek418,Vivek418@gmail.com,9867896062
Vivek419,Vivek419@gmail.com,9867896063
Vivek420,Vivek420@gmail.com,9867896064
Vivek421,Vivek421@gmail.com,9867896065
Vivek422,Vivek422@gmail.com,9867896066
Vivek423,Vivek423@gmail.com,9867896067
Vivek424,Vivek424@gmail.com,9867896068
Vivek425,Vivek425@gmail.com,9867896069
Vivek426,Vivek426@gmail.com,9867896070
Vivek427,Vivek427@gmail.com,9867896071
Vivek428,Vivek428@gmail.com,9867896072
Vivek429,Vivek429@gmail.com,9867896073
Vivek430,Vivek430@gmail.com,9867896074
Vivek431,Vivek431@gmail.com,9867896075
Vivek432,Vivek432@gmail.com,9867896076
Vivek433,Vivek433@gmail.com,9867896077
Vivek434,Vivek434@gmail.com,9867896078
Vivek435,Vivek435@gmail.com,9867896079
Vivek436,Vivek436@gmail.com,9867896080
Vivek437,Vivek437@gmail.com,9867896081
Vivek438,Vivek438@gmail.com,9867896082
Vivek439,Vivek439@gmail.com,9867896083
Vivek440,Vivek440@gmail.com,9867896084
Vivek441,Vivek441@gmail.com,9867896085
Vivek442,Vivek442@gmail.com,9867896086
Vivek443,Vivek443@gmail.com,9867896087
Vivek444,Vivek444@gmail.com,9867896088
Vivek445,Vivek445@gmail.com,9867896089
Vivek446,Vivek446@gmail.com,9867896090
Vivek447,Vivek447@gmail.com,9867896091
Vivek448,Vivek448@gmail.com,9867896092
Vivek449,Vivek449@gmail.com,9867896093
Vivek450,Vivek450@gmail.com,9867896094
Vivek451,Vivek451@gmail.com,9867896095
Vivek452,Vivek452@gmail.com,9867896096
Vivek453,Vivek453@gmail.com,9867896097
Vivek454,Vivek454@gmail.com,9867896098
Vivek455,Vivek455@gmail.com,9867896099
Vivek456,Vivek456@gmail.com,9867896100
Vivek457,Vivek457@gmail.com,9867896101
Vivek458,Vivek458@gmail.com,9867896102
Vivek459,Vivek459@gmail.com,9867896103
Vivek460,Vivek460@gmail.com,9867896104
Vivek461,Vivek461@gmail.com,9867896105
Vivek462,Vivek462@gmail.com,9867896106
Vivek463,Vivek463@gmail.com,9867896107
Vivek464,Vivek464@gmail.com,9867896108
Vivek465,Vivek465@gmail.com,9867896109
Vivek466,Vivek466@gmail.com,9867896110
Vivek467,Vivek467@gmail.com,9867896111
Vivek468,Vivek468@gmail.com,9867896112
Vivek469,Vivek469@gmail.com,9867896113
Vivek470,Vivek470@gmail.com,9867896114
Vivek471,Vivek471@gmail.com,9867896115
Vivek472,Vivek472@gmail.com,9867896116
Vivek473,Vivek473@gmail.com,9867896117
Vivek474,Vivek474@gmail.com,9867896118
Vivek475,Vivek475@gmail.com,9867896119
Vivek476,Vivek476@gmail.com,9867896120
Vivek477,Vivek477@gmail.com,9867896121
Vivek478,Vivek478@gmail.com,9867896122
Vivek479,Vivek479@gmail.com,9867896123
Vivek480,Vivek480@gmail.com,9867896124
Vivek481,Vivek481@gmail.com,9867896125
Vivek482,Vivek482@gmail.com,9867896126
Vivek483,Vivek483@gmail.com,9867896127
Vivek484,Vivek484@gmail.com,9867896128
Vivek485,Vivek485@gmail.com,9867896129
Vivek486,Vivek486@gmail.com,9867896130
Vivek487,Vivek487@gmail.com,9867896131
Vivek488,Vivek488@gmail.com,9867896132
Vivek489,Vivek489@gmail.com,9867896133
Vivek490,Vivek490@gmail.com,9867896134
Vivek491,Vivek491@gmail.com,9867896135
Vivek492,Vivek492@gmail.com,9867896136
Vivek493,Vivek493@gmail.com,9867896137
Vivek494,Vivek494@gmail.com,9867896138
Vivek495,Vivek495@gmail.com,9867896139
Vivek496,Vivek496@gmail.com,9867896140
Vivek497,Vivek497@gmail.com,9867896141
Vivek498,Vivek498@gmail.com,9867896142
Vivek499,Vivek499@gmail.com,9867896143
Vivek500,Vivek500@gmail.com,9867896144
Vivek501,Vivek501@gmail.com,9867896145
Vivek502,Vivek502@gmail.com,9867896146
Vivek503,Vivek503@gmail.com,9867896147
Vivek504,Vivek504@gmail.com,9867896148
Vivek505,Vivek505@gmail.com,9867896149
Vivek506,Vivek506@gmail.com,9867896150
Vivek507,Vivek507@gmail.com,9867896151
Vivek508,Vivek508@gmail.com,9867896152
Vivek509,Vivek509@gmail.com,9867896153
Vivek510,Vivek510@gmail.com,9867896154
Vivek511,Vivek511@gmail.com,9867896155
Vivek512,Vivek512@gmail.com,9867896156
Vivek513,Vivek513@gmail.com,9867896157
Vivek514,Vivek514@gmail.com,9867896158
Vivek515,Vivek515@gmail.com,9867896159
Vivek516,Vivek516@gmail.com,9867896160
Vivek517,Vivek517@gmail.com,9867896161
Vivek518,Vivek518@gmail.com,9867896162
Vivek519,Vivek519@gmail.com,9867896163
Vivek520,Vivek520@gmail.com,9867896164
Vivek521,Vivek521@gmail.com,9867896165
Vivek522,Vivek522@gmail.com,9867896166
Vivek523,Vivek523@gmail.com,9867896167
Vivek524,Vivek524@gmail.com,9867896168
Vivek525,Vivek525@gmail.com,9867896169
Vivek526,Vivek526@gmail.com,9867896170
Vivek527,Vivek527@gmail.com,9867896171
Vivek528,Vivek528@gmail.com,9867896172
Vivek529,Vivek529@gmail.com,9867896173
Vivek530,Vivek530@gmail.com,9867896174
Vivek531,Vivek531@gmail.com,9867896175
Vivek532,Vivek532@gmail.com,9867896176
Vivek533,Vivek533@gmail.com,9867896177
Vivek534,Vivek534@gmail.com,9867896178
Vivek535,Vivek535@gmail.com,9867896179
Vivek536,Vivek536@gmail.com,9867896180
Vivek537,Vivek537@gmail.com,9867896181
Vivek538,Vivek538@gmail.com,9867896182
Vivek539,Vivek539@gmail.com,9867896183
Vivek540,Vivek540@gmail.com,9867896184
Vivek541,Vivek541@gmail.com,9867896185
Vivek542,Vivek542@gmail.com,9867896186
Vivek543,Vivek543@gmail.com,9867896187
Vivek544,Vivek544@gmail.com,9867896188
Vivek545,Vivek545@gmail.com,9867896189
Vivek546,Vivek546@gmail.com,9867896190
Vivek547,Vivek547@gmail.com,9867896191
Vivek548,Vivek548@gmail.com,9867896192
Vivek549,Vivek549@gmail.com,9867896193
Vivek550,Vivek550@gmail.com,9867896194
Vivek551,Vivek551@gmail.com,9867896195
Vivek552,Vivek552@gmail.com,9867896196
Vivek553,Vivek553@gmail.com,9867896197
Vivek554,Vivek554@gmail.com,9867896198
Vivek555,Vivek555@gmail.com,9867896199
Vivek556,Vivek556@gmail.com,9867896200
Vivek557,Vivek557@gmail.com,9867896201
Vivek558,Vivek558@gmail.com,9867896202
Vivek559,Vivek559@gmail.com,9867896203
Vivek560,Vivek560@gmail.com,9867896204
Vivek561,Vivek561@gmail.com,9867896205
Vivek562,Vivek562@gmail.com,9867896206
Vivek563,Vivek563@gmail.com,9867896207
Vivek564,Vivek564@gmail.com,9867896208
Vivek565,Vivek565@gmail.com,9867896209
Vivek566,Vivek566@gmail.com,9867896210
Vivek567,Vivek567@gmail.com,9867896211
Vivek568,Vivek568@gmail.com,9867896212
Vivek569,Vivek569@gmail.com,9867896213
Vivek570,Vivek570@gmail.com,9867896214
Vivek571,Vivek571@gmail.com,9867896215
Vivek572,Vivek572@gmail.com,9867896216
Vivek573,Vivek573@gmail.com,9867896217
Vivek574,Vivek574@gmail.com,9867896218
Vivek575,Vivek575@gmail.com,9867896219
Vivek576,Vivek576@gmail.com,9867896220
Vivek577,Vivek577@gmail.com,9867896221
Vivek578,Vivek578@gmail.com,9867896222
Vivek579,Vivek579@gmail.com,9867896223
Vivek580,Vivek580@gmail.com,9867896224
Vivek581,Vivek581@gmail.com,9867896225
Vivek582,Vivek582@gmail.com,9867896226
Vivek583,Vivek583@gmail.com,9867896227
Vivek584,Vivek584@gmail.com,9867896228
Vivek585,Vivek585@gmail.com,9867896229
Vivek586,Vivek586@gmail.com,9867896230
Vivek587,Vivek587@gmail.com,9867896231
Vivek588,Vivek588@gmail.com,9867896232
Vivek589,Vivek589@gmail.com,9867896233
Vivek590,Vivek590@gmail.com,9867896234
Vivek591,Vivek591@gmail.com,9867896235
Vivek592,Vivek592@gmail.com,9867896236
Vivek593,Vivek593@gmail.com,9867896237
Vivek594,Vivek594@gmail.com,9867896238
Vivek595,Vivek595@gmail.com,9867896239
Vivek596,Vivek596@gmail.com,9867896240
Vivek597,Vivek597@gmail.com,9867896241
Vivek598,Vivek598@gmail.com,9867896242
Vivek599,Vivek599@gmail.com,9867896243
Vivek600,Vivek600@gmail.com,9867896244
